{
    "materials":[{
        "mapDiffuse":"tile.png",
        "wireframe":false,
        "colorDiffuse":[0.8,0.8,0.8],
        "mapDiffuseRepeat":[1,1],
        "opacity":1,
        "DbgName":"Material.005",
        "colorEmissive":[8,8,8],
        "mapDiffuseAnisotropy":1,
        "blending":"NormalBlending",
        "depthWrite":true,
        "specularCoef":50,
        "DbgIndex":0,
        "shading":"phong",
        "DbgColor":15658734,
        "depthTest":true,
        "transparent":false,
        "visible":true,
        "mapDiffuseWrap":["repeat","repeat"],
        "colorSpecular":[0.5,0.5,0.5]
    }],
    "metadata":{
        "type":"Geometry",
        "generator":"io_three",
        "vertices":4,
        "materials":1,
        "uvs":1,
        "normals":1,
        "faces":1,
        "version":3
    },
    "uvs":[[-177.785,-177.785,178.785,-177.785,178.785,178.785,-177.785,178.785]],
    "vertices":[-307.448,-0.00744749,307.658,307.429,-0.00744749,307.658,-307.448,-0.00747437,-307.22,307.429,-0.00747437,-307.22],
    "faces":[43,0,1,3,2,0,0,1,2,3,0,0,0,0],
    "normals":[0,1,-4.37112e-08]
}